"","countries_en","sugars_100g"
"23","United Kingdom",44
"24","United Kingdom",44
"26","France",10.4
"32","United Kingdom",2.5
"35","France",10.4
"36","France",26
"42","France",34
"47","Germany",57.5
"48","Germany",24
"55","France",31
"72","United Kingdom",96
"74","France",33.5
"78","France",31.8
"85","France",2.7
"99","United States",3.76
"100","United Kingdom",2.9
"115","France",2.4
"119","United Kingdom",0
"123","United States",1.52
"143","United Kingdom",1.5
"144","United Kingdom",11
"146","United States",10.1
"147","United Kingdom",0.5
"148","United States",6.67
"149","France",15.2
"155","France",2.7
"159","France",0.4
"161","United States",1.54
"163","United States",33.3
"164","France",43.9
"167","France",3
"168","France",0.5
"173","United Kingdom",1.5
"179","France",0.5
"180","United States",25
"181","United States",5.17
"192","United States",50
"193","United States",52.5
"194","United States",50
"198","United States",56.7
"199","United States",56.8
"200","United States",56.8
"201","United States",56.8
"203","United States",15.8
"204","France",1.3
"209","United Kingdom",0.6
"210","United States",51.3
"211","United States",58.5
"212","United States",62.5
"213","United States",51.3
"216","United States",14.1
"221","United States",34.3
"222","United States",7.14
"223","United States",2.22
"225","United States",6.98
"227","United States",3.33
"231","United States",3.33
"237","United States",1.67
"238","United States",2.48
"239","United States",9.09
"242","United States",12.1
"243","United States",2.31
"253","United States",38.1
"254","United States",9.41
"258","United Kingdom",30.1
"270","Belgium",0
"272","United States",4.65
"276","United Kingdom",0.7
"279","United Kingdom",4
"281","United States",21.4
"283","United Kingdom",2.8
"284","United States",0
"285","United States",3.57
"286","United States",0
"289","United Kingdom",43.1
"290","United Kingdom",43.1
"291","United Kingdom",43.1
"292","United States",7.92
"294","United Kingdom",26.8
"296","France",70.3
"297","France",44.4
"298","France",35.7
"313","United States",0
"314","United States",19
"315","United States",5.56
"316","United States",6.36
"321","United States",5.35
"322","United States",6.46
"323","United States",12.2
"325","United States",10.8
"329","United States",8.17
"330","United States",5.56
"335","United Kingdom",23.6
"339","United Kingdom",0.7
"356","United States",76.2
"358","United States",76.2
"368","United Kingdom",45.4
"369","United Kingdom",45.4
"370","United Kingdom",44.1
"371","United Kingdom",3.5
"373","United Kingdom",0.6
"376","United Kingdom",0.5
"384","United Kingdom",80.8
"391","United Kingdom",0.1
"399","United States",43.2
"400","Australia",51
"402","Australia",41
"407","United States",0
"409","United States",7.05
"410","United States",3.57
"415","United States",7.04
"419","United States",7.14
"421","United States",7.14
"422","France",8.2
"425","United States",73.3
"427","United States",9.78
"428","United States",11.8
"429","United Kingdom",27.3
"430","United States",34.6
"431","United States",35.3
"434","United States",6.98
"435","United States",30.6
"436","United States",32.4
"437","United States",32
"438","United States",4.65
"439","United States",33.3
"440","United States",32
"442","United States",38.5
"444","United States",38.5
"445","United States",28.6
"446","United States",13
"447","United States",36
"448","United States",19.2
"449","United States",3.33
"451","United States",3.33
"452","United States",3.33
"455","United States",0
"457","United States",0
"458","France",34
"459","France",34.8
"461","France",32.6
"462","France",30.4
"463","France",41.7
"464","France",41.9
"465","United States",38.5
"466","United States",34.6
"468","United States",1.4
"470","France",3.9
"471","France",4.9
"472","France",4.9
"475","France",7.8
"476","France",7.8
"478","France",7.8
"480","France",7.8
"481","France",10.3
"482","France",7.8
"483","France",7.8
"484","France",7.8
"486","France",2.6
"488","United Kingdom",0
"489","United Kingdom",18.1
"493","United States",8.89
"496","United States",2.61
"498","United Kingdom",2.3
"506","United Kingdom",58.5
"508","Thailand",6.2
"513","United Kingdom",0
"515","United States",8.89
"516","United States",0
"519","United Kingdom",1.8
"534","United States",38.8
"535","United States",40
"542","United States",28.6
"544","United States",26.2
"546","United States",0
"549","United States",3.57
"550","United States",3.57
"551","United States",28.6
"552","United States",31.2
"553","United States",37
"556","United States",32.1
"559","United States",26.2
"560","United States",41.9
"561","United States",41.9
"562","United States",0
"567","United States",33.3
"570","United States",45.7
"571","United States",21.2
"572","United States",25.7
"577","United States",32.1
"578","United States",30.8
"579","United States",3.57
"581","United States",25
"582","United States",7.41
"587","United States",15
"589","United States",32
"590","United States",40
"596","France",5.4
"601","United Kingdom",1.2
"608","United States",0
"609","France",13.3
"612","France",2
"619","France",11
"623","Germany",1
"626","France",6.67
"627","France",3.33
"628","Scotland",14
"629","France",13.3
"634","United Kingdom",31.3
"636","United States",0
"637","United States",0
"641","United Kingdom",0.1
"644","France",4.6
"647","United Kingdom",15.1
"649","United Kingdom",39.6
"650","United Kingdom",1.6
"657","United Kingdom",0.5
"663","United Kingdom",0.1
"664","United Kingdom",4.6
"667","United Kingdom",52.8
"668","United Kingdom",4
"669","United Kingdom",4
"673","France",0.7
"674","United Kingdom",0.5
"677","United Kingdom",6.1
"683","United States",9.72
"685","United Kingdom",99.9
"687","United States",21.2
"689","United Kingdom",99.9
"690","United Kingdom",99.7
"693","United Kingdom",4.5
"716","United States",0
"717","United States",5
"718","United States",9.17
"719","United States",0
"721","United States",7.05
"722","United States",55
"729","United Kingdom",2.3
"735","United States",8.97
"737","United States",5.26
"743","France",2.9
"752","United States",0
"753","United States",5.6
"754","United States",11.2
"756","France",2.8
"757","United Kingdom",4.5
"763","United States",21.2
"766","United States",12.9
"767","United States",10.3
"769","United States",0
"770","United States",6.67
"771","United States",0
"772","United States",0
"774","United States",10.9
"776","United States",37.8
"777","United States",37.8
"778","United States",35.1
"779","United States",10.9
"781","United States",13
"783","United States",9.52
"785","United States",16.2
"786","United States",3.33
"787","United States",3.45
"789","United States",24.2
"790","United States",13.3
"791","United States",3.45
"792","United States",7
"793","United Kingdom",10
"795","United States",9.88
"797","United States",6.25
"802","United States",23.5
"803","United States",20
"804","United States",12.5
"807","United States",14.2
"811","United States",4.71
"813","United States",0
"814","United States",12.1
"815","United States",0
"816","United States",10
"822","United States",43.2
"824","United States",5.6
"826","United States",7.14
"827","United States",0
"831","United States",80
"834","United Kingdom",1.6
"835","United States",1
"837","United States",26.7
"846","United States",35.6
"847","United States",10.7
"849","United States",55
"851","United States",63
"859","United Kingdom",0
"867","France",50.2
"868","France",50.2
"869","France",50.2
"871","France",50.2
"873","France",50.2
"875","France",50.2
"883","United States",5
"885","United States",0
"889","United Kingdom",2.32
"893","United States",0
"896","United States",76.2
"899","France",2.1
"902","France",13.1
"905","Denmark",13.1
"911","United States",2.4
"913","France",5.6
"914","France",0
"916","United Kingdom",12.6
"917","United Kingdom",10.5
"919","Germany",3.4
"921","France",13.1
"925","United States",3.2
"926","France",3.1
"927","France",3
"929","United States",0
"932","United States",1.79
"933","United States",1.79
"934","United States",0
"936","United States",46.7
"939","United States",32.3
"941","United States",34.9
"942","United States",36.8
"943","United States",42.6
"944","United States",23.3
"945","United States",28.3
"946","United States",35.4
"955","United Kingdom",1
"960","France",22.6
"963","United States",10
"967","United States",3.75
"968","United States",6.78
"969","Canada",3.2
"970","Canada",7.2
"975","United States",0
"985","United States",43.9
"986","Australia",7.71
"987","Australia",7.08
"998","United States",6.67
"999","United States",3.64
"1002","France",3.4
"1009","United States",0
"1011","United States",2.48
"1012","United States",3.31
"1013","United States",14.1
"1015","United States",0
"1019","United States",0
"1020","United States",0
"1027","United States",45
"1028","United States",54.1
"1031","United States",60
"1037","United States",11.2
"1047","United States",3.57
"1049","United States",0
"1050","United States",1
"1053","United States",3.57
"1058","United States",2.94
"1060","United States",0
"1063","United States",3.57
"1065","United States",1
"1067","United States",3.53
"1069","United States",3.57
"1070","United States",1
"1071","United States",3.57
"1072","United States",3.57
"1074","United States",3.57
"1076","United States",0
"1079","United States",0
"1080","United States",10.8
"1086","United States",7.14
"1096","United States",10
"1097","United States",4.62
"1114","United States",6.9
"1115","United States",4.35
"1116","United States",22
"1117","France",36
"1118","United States",19.7
"1123","United States",0
"1130","United States",33.3
"1131","United States",44.4
"1133","United States",44.4
"1142","United States",6.25
"1143","United States",9
"1146","Canada",6.67
"1147","United States",6.25
"1148","United States",3.38
"1149","United States",10.4
"1153","United Kingdom",0.1
"1158","United States",27.9
"1160","United States",3.33
"1161","United States",1.67
"1164","United States",3.33
"1169","United States",18.4
"1175","United States",12.9
"1177","United Kingdom",12
"1181","Belgium",11
"1186","France",24
"1193","United States",20
"1194","United States",3.57
"1195","United States",3.57
"1196","United States",3.57
"1197","United States",3.57
"1199","United States",21.4
"1205","France",5.3
"1206","United States",12.9
"1207","United States",41.4
"1208","United States",62.5
"1215","United Kingdom",0.9
"1234","United Kingdom",49.2
"1239","France",1.3
"1243","United States",6.25
"1246","France",3.7
"1255","United States",52.5
"1256","United States",51.4
"1259","United States",50
"1263","United States",55.8
"1269","France",50.2
"1270","United States",52.3
"1271","France",52.3
"1272","France",51.7
"1273","France",47.1
"1285","France",3.9
"1287","United States",0
"1288","United States",18
"1289","United States",45
"1291","United States",52.9
"1292","France",4.8
"1299","United Kingdom",0.7
"1301","United Kingdom",11.1
"1306","United States",0
"1307","United States",23.5
"1308","United States",0
"1315","United Kingdom",14.4
"1317","United States",5.33
"1319","United States",10
"1321","United States",1.64
"1323","United States",1.64
"1324","United States",9.6
"1325","United States",5.6
"1328","United Kingdom",99
"1331","United Kingdom",29
"1333","United States",3.57
"1334","United States",15.3
"1335","United States",4.89
"1336","United States",7.8
"1343","United States",6.19
"1345","United States",48.6
"1346","United States",40.5
"1347","United States",48.6
"1348","United States",42.4
"1350","Cuba",2.6
"1353","Canada",15
"1358","United Kingdom",0.7
"1361","United States",12.5
"1362","Australia",55.1
"1363","United States",42.5
"1364","United States",47.5
"1365","United States",47.5
"1366","United States",7.5
"1367","United States",54.8
"1368","United States",38.9
"1369","United States",45
"1371","Canada",53
"1372","United States",45.2
"1373","United States",47.5
"1376","France",10.9
"1377","United States",9.38
"1378","France",9.4
"1380","United States",9.38
"1382","United States",9.38
"1383","United States",0
"1384","United States",1.18
"1385","United States",1.3
"1387","United States",9.38
"1389","Australia",1.8
"1390","United States",0
"1398","United States",28.6
"1403","United States",12
"1404","United States",35.3
"1405","United States",8
"1408","United States",32.7
"1410","United States",41.4
"1411","United States",34.5
"1412","United States",25
"1413","United States",34.5
"1414","United States",34.5
"1417","United States",29
"1419","United States",21.9
"1422","United States",3.57
"1426","United States",3.57
"1427","United States",2.71
"1431","United States",38
"1433","United States",8.7
"1434","United States",0
"1435","United States",0
"1438","United Kingdom",3.8
"1440","United States",0
"1445","Australia",12
"1446","France",12
"1453","France",14
"1455","France",12
"1471","France",25.7
"1475","United Kingdom",16.5
"1476","United Kingdom",19.1
"1480","France",18.8
"1481","United Kingdom",43.5
"1483","United States",83.3
"1484","United States",83.3
"1487","United States",0
"1489","United States",9.23
"1492","United States",16.2
"1493","United States",0
"1498","United States",75.6
"1503","United States",63.5
"1504","United States",49.4
"1518","United Kingdom",8
"1531","United States",0
"1535","United States",10
"1539","France",1.5
"1540","United Kingdom",14.6
"1542","United States",4.8
"1543","United States",1.67
"1544","United States",1.67
"1546","United States",6.67
"1547","United States",72.5
"1549","United States",17.1
"1550","United States",4.76
"1552","United States",0.877
"1569","United States",5.6
"1570","United States",4.8
"1573","United States",6.25
"1575","United States",25.8
"1576","United States",60.5
"1579","United States",38.5
"1581","United States",3.57
"1583","United States",23.5
"1584","United States",3.96
"1586","United States",2.48
"1587","United States",2.7
"1588","United States",13.3
"1589","United States",6.67
"1592","United States",55.6
"1593","Spain",3.5
"1595","United States",2.22
"1597","United States",3.45
"1598","United States",1
"1601","United States",13.6
"1602","United States",18.6
"1604","United States",40
"1605","United States",0
"1620","United States",12
"1624","United States",3.57
"1637","United States",6
"1647","France",0.9
"1656","United States",4
"1658","United States",0
"1659","United States",9.7
"1667","United States",0
"1668","United States",0
"1669","United States",0
"1673","Spain",2.8
"1674","Spain",0.1
"1684","United States",10.1
"1690","United States",4.76
"1692","United States",4.76
"1693","United States",4.76
"1694","United States",3.12
"1696","United States",2.33
"1701","United States",14.2
"1702","United States",7.5
"1703","United States",7.73
"1712","United Kingdom",44.5
"1713","United Kingdom",44.5
"1716","United States",0
"1718","United States",1.48
"1719","United States",3.25
"1725","France",1.6
"1727","France",0.5
"1728","France",2
"1729","France",2.4
"1730","France",4.2
"1731","France",2.8
"1732","France",2.7
"1737","France",13
"1744","United States",46.9
"1749","United Kingdom",4.5
"1750","United States",2
"1753","United Kingdom",1.3
"1755","United States",0
"1756","United States",76.2
"1757","United Kingdom",3.62
"1759","United Kingdom",48.3
"1761","United States",78.6
"1765","United States",16.7
"1767","United States",76
"1768","United States",72
"1769","United States",7.14
"1770","United States",94.1
"1774","United States",78.6
"1778","United Kingdom",2.6
"1783","United Kingdom",67
"1792","United Kingdom",67
"1798","United Kingdom",67
"1799","United Kingdom",67
"1800","United Kingdom",55
"1808","United States",46.7
"1811","United States",16.1
"1812","United States",41.2
"1814","United States",22.6
"1819","United States",0
"1820","United States",0
"1821","United States",0
"1822","United States",22
"1826","United States",38.7
"1828","United States",6.25
"1829","United States",6.25
"1830","United States",0
"1831","United States",21.4
"1833","United States",22
"1834","United States",41.2
"1836","United States",35.3
"1838","United States",38.7
"1839","United States",0
"1840","United States",40.4
"1842","United States",44.8
"1845","United States",41.2
"1846","United States",32.1
"1848","United Kingdom",8.8
"1850","United States",0
"1851","United States",0
"1852","United States",1.41
"1857","Spain",0
"1858","Spain",2
"1860","United States",0
"1864","United Kingdom",1
"1865","Australia",1
"1871","United States",12
"1877","United Kingdom",46.3
"1878","United Kingdom",3.2
"1882","United Kingdom",0
"1885","United States",9.38
"1888","United Kingdom",0.1
"1893","United Kingdom",3.1
"1894","France",2.3
"1897","United Kingdom",0.2
"1898","United Kingdom",11.3
"1899","United Kingdom",5.2
"1900","United Kingdom",5.2
"1901","Switzerland",3.9
"1902","France",24
"1905","United States",0
"1911","United States",6.98
"1912","United States",3.28
"1913","United States",0
"1917","United Kingdom",35.3
"1918","United States",0
"1919","France",20.5
"1920","United States",3.57
"1921","United Kingdom",0.1
"1924","United States",35.7
"1931","United States",22.4
"1937","United States",2.86
"1944","United States",0
"1959","United States",6.32
"1961","United States",20.6
"1962","France",0.15
"1969","United States",12.3
"1974","United States",9.17
"1978","United States",9.17
"1981","United Kingdom",4.9
"1990","United States",11
"1991","United States",27
"1993","United States",6.67
"1995","United States",60
"1997","United States",0
"2001","United States",76.2
"2002","United Kingdom",6.6
"2008","United States",0
"2011","United States",7.14
"2012","United States",7.14
"2016","United States",0.408
"2022","United Kingdom",0.7
"2025","United States",60
"2032","United States",31.6
"2033","United States",35.7
"2037","United States",12.1
"2040","United Kingdom",1.8
"2045","United Arab Emirates",4
"2046","United States",10.4
"2047","United States",10
"2050","United States",1.67
"2051","United States",2.5
"2052","United States",0.833
"2053","United States",1.67
"2054","United States",3.33
"2055","United States",2.65
"2056","United States",0.417
"2058","United States",0.833
"2061","United States",2.92
"2063","United States",0
"2064","United States",0.833
"2066","United States",2.65
"2067","United States",0.833
"2070","United States",4.17
"2071","United States",1.67
"2073","United States",5
"2074","United States",1.67
"2078","United States",3.57
"2079","United States",2.9
"2081","United Kingdom",1.4
"2082","France",28.3
"2083","United States",0
"2084","United States",11.8
"2087","United States",1.67
"2090","United States",50
"2094","United States",60
"2095","United States",12
"2098","United States",3.12
"2102","United States",3.12
"2106","United States",3
"2109","United States",9.09
"2110","United States",9.38
"2111","United States",9.09
"2113","United States",3.12
"2115","United States",60.6
"2123","United Kingdom",0.1
"2125","United States",9.38
"2126","Canada",1
"2128","France",42.9
"2144","United States",1
"2145","France",4.4
"2146","United States",3.33
"2157","United States",14.5
"2166","United States",60
"2168","France",6
"2170","France",42.5
"2173","United States",7.06
"2174","United Kingdom",11.8
"2175","United States",0
"2176","United States",0
"2179","United States",0
"2180","France",49
"2181","France",49
"2182","United States",5
"2183","United States",17
"2197","United States",0
"2204","United States",7
"2205","United States",0
"2211","United Kingdom",3
"2212","United States",13.2
"2213","United States",12.1
"2214","United States",12.1
"2218","United States",5.83
"2223","United States",0
"2229","United States",11.8
"2231","United States",60
"2232","United States",0
"2233","United States",0
"2235","United States",0
"2241","United States",5.42
"2282","Canada",4
"2286","Saint Pierre and Miquelon",26
"2299","France",16
"2313","France",36
"2323","United Kingdom",60.8
"2335","Canada",13
"2336","Canada",12
"2338","Canada",12.6
"2341","United Kingdom",2.1
"2343","Canada",11.7
"2345","Canada",14.2
"2347","Canada",4
"2360","United Kingdom",5.5
"2361","United Kingdom",46.1
"2377","United States",11.9
"2379","United States",4.17
"2383","United States",0
"2388","United Kingdom",7.6
"2391","United States",34.6
"2392","United States",34.6
"2393","United States",21.4
"2401","United States",30
"2403","Canada",16.4
"2410","France",22.1
"2427","Canada",26.7
"2429","United States",0
"2430","United States",17.6
"2431","United States",0
"2432","Australia",1.6
"2436","Saint Pierre and Miquelon",2
"2441","fr:Quebec",12.8
"2442","France",0
"2443","Saint Pierre and Miquelon",10
"2445","Canada",10
"2449","Canada",28.6
"2450","Canada",0
"2454","United States",6.67
"2459","Canada",0.4
"2464","Canada",5.14
"2466","Canada",46.7
"2468","United States",7.14
"2474","Italy",3.3
"2480","Canada",57.5
"2492","Canada",16.4
"2501","Canada",0
"2504","France",6.67
"2514","Canada",76.3
"2523","United States",7.89
"2525","United States",4
"2526","Canada",3.33
"2535","United Kingdom",0.9
"2539","Canada",2
"2540","United Kingdom",5.9
"2548","United Kingdom",5.3
"2557","United States",5.42
"2558","United States",7.5
"2565","United Kingdom",0.1
"2570","Canada",0.4
"2575","Canada",2.94
"2579","United States",0.833
"2580","United States",26.7
"2596","United States",2.04
"2600","France",3.3
"2606","Canada",0
"2607","Quebec",7.6
"2608","Canada",7.6
"2611","United Kingdom",44.5
"2614","Canada",41.4
"2618","Canada",33.3
"2628","Canada",35.7
"2637","Canada",10.3
"2649","United States",2.46
"2651","United States",3.11
"2652","United States",0
"2659","Canada",4.8
"2663","Canada",2
"2667","Canada",4
"2668","Canada",3.33
"2675","Czech Republic",2.6
"2692","Canada",20
"2695","United States",32.3
"2696","Canada",31
"2702","Canada",20
"2710","Canada",31
"2711","Canada",6
"2721","Canada",2.86
"2724","Canada",0
"2726","Canada",12
"2732","Canada",80
"2733","fr:Quebec",80
"2735","Canada",24.1
"2750","United Kingdom",10.4
"2751","United Kingdom",0.9
"2752","United States",4.29
"2761","Canada",0
"2774","France",23.5
"2786","France",4.8
"2791","France",1.6
"2793","United Kingdom",15.9
"2796","Canada",60
"2797","Canada",57.5
"2798","United Kingdom",0
"2800","Canada",9.6
"2803","United States",10
"2806","United States",0
"2809","France",1.4
"2828","Canada",12.5
"2853","United Kingdom",45.4
"2856","United Kingdom",42.9
"2875","United States",52.9
"2876","United States",48.9
"2877","United States",51.1
"2878","United States",51.1
"2879","United States",51.1
"2881","Canada",3.51
"2882","Canada",0
"2884","United Kingdom",44.5
"2890","Saint Pierre and Miquelon",1.18
"2907","Canada",13.3
"2910","Quebec",18.2
"2911","Canada",1
"2920","United States",3.41
"2943","United Kingdom",0
"2947","United Kingdom",0
"2948","United Kingdom",0
"2955","United Kingdom",0
"2959","New Zealand",0
"2979","France",0
"2981","France",0.5
"2983","United States",3.33
"2989","United States",60.6
"2990","United States",60
"2992","United Kingdom",2
"2994","United States",4.42
"2995","United States",6.67
"2997","United States",0
"3001","United States",5.08
"3002","United States",5.08
"3006","United States",3.57
"3009","United States",65
"3010","United States",73.8
"3011","United States",15.3
"3012","United States",12.9
"3013","United States",5.88
"3014","United States",14.1
"3016","United States",12.7
"3017","United States",26.2
"3018","Canada",20
"3021","United States",3.12
"3025","United States",0
"3026","United States",0
"3034","United States",10.2
"3036","United States",6.9
"3038","United States",0
"3049","United States",5.42
"3055","United States",4.58
"3056","United States",11
"3057","United States",5.42
"3059","United States",0
"3060","United States",1.25
"3062","United States",5.42
"3063","United States",14.1
"3070","United States",80
"3080","United States",6.36
"3081","United States",5.08
"3082","United States",6.36
"3083","United States",5.51
"3084","United States",5.51
"3085","United States",60
"3086","United States",52.4
"3088","United Kingdom",0.4
"3089","United States",62.5
"3090","United States",62.5
"3094","United States",0
"3100","United States",3.33
"3102","United States",3.33
"3103","United States",3.33
"3104","United States",0
"3109","United States",0
"3115","United Kingdom",10.4
"3120","United Kingdom",2.1
"3121","United States",0
"3122","United States",1.79
"3123","United States",3.57
"3126","United States",61.1
"3127","United States",21
"3131","United States",1.54
"3134","United States",54.8
"3135","United States",7.92
"3140","United States",3.51
"3141","United States",2.22
"3143","United States",0
"3152","United States",70
"3154","France",70.4
"3157","United States",0
"3158","United States",20
"3159","United States",52.5
"3173","United States",3.76
"3174","United States",2.86
"3176","United States",2.31
"3177","United States",12.1
"3178","United States",14.1
"3179","United States",0.833
"3183","United States",3.53
"3184","United States",6.67
"3186","United States",6.67
"3189","United States",3.33
"3190","United States",1.6
"3192","United States",10.1
"3194","United Kingdom",3.3
"3199","United States",2
"3207","France",65
"3211","France",2.8
"3215","United States",6.67
"3216","United States",0
"3222","France",34.4
"3223","France",28.6
"3224","United Kingdom",9.2
"3225","France",39.3
"3226","United Kingdom",30
"3227","France",31
"3229","France",33.8
"3231","United Kingdom",28.9
"3236","United States",2.5
"3245","United States",15.6
"3246","United States",0
"3248","United States",47.4
"3255","United States",0
"3256","United States",26.7
"3257","United States",0
"3258","United States",3.23
"3259","United States",0
"3260","United States",5
"3262","United States",5.08
"3263","United States",2.45
"3267","United States",43.2
"3268","United States",3.57
"3270","United States",1.79
"3271","United States",0
"3272","United States",0
"3273","United States",3.57
"3283","United States",19.2
"3284","United States",35.3
"3285","United States",25.7
"3286","United States",0
"3287","United States",0
"3288","United States",2.4
"3289","United States",2.4
"3290","United States",3.2
"3291","United States",10
"3292","United States",0
"3293","United States",0
"3294","United States",0
"3295","United States",0
"3298","United States",0
"3301","United States",6.25
"3303","United States",1.79
"3308","United States",0
"3310","United States",0
"3322","France",2.7
"3325","France",1.4
"3329","United States",3.33
"3330","United States",11.9
"3334","France",18.7
"3337","France",39.8
"3339","United States",3.33
"3340","United Kingdom",1.3
"3348","United States",5.41
"3354","United Kingdom",0.9
"3355","France",1.1
"3356","France",28.4
"3361","United States",0
"3363","United States",22.9
"3365","United States",0
"3366","Belgium",2
"3368","France",2.5
"3369","United States",3.33
"3370","United States",0.1
"3377","France",0
"3378","United States",0
"3379","United States",0
"3382","United States",5.51
"3383","United States",5.08
"3384","United States",0.417
"3393","United States",14
"3394","United States",71.8
"3397","United States",2.7
"3404","United States",3.57
"3411","France",17
"3423","United States",1
"3424","United States",0
"3427","Turkey",59.5
"3434","United States",15.4
"3436","United States",27.6
"3437","United States",32.1
"3439","United Kingdom",15.2
"3440","United States",3.57
"3441","United States",3.57
"3442","United States",1
"3443","United States",3.57
"3446","United States",3.57
"3447","United States",3.57
"3448","United States",3.51
"3449","United States",3.57
"3450","United States",3.57
"3451","United States",3.57
"3452","United States",3.57
"3453","United States",3.57
"3455","United States",3.57
"3456","United States",3.57
"3457","United States",3.57
"3458","United States",3.57
"3459","United States",33.7
"3460","France",25
"3461","United Kingdom",27
"3462","France",25
"3463","United States",5.08
"3467","United States",3.51
"3472","France",1
"3474","United States",46.7
"3476","United States",47.5
"3477","United States",0
"3482","France",29
"3483","France",36.4
"3484","France",3
"3486","United States",0
"3487","United States",28.3
"3488","France",1.9
"3501","United States",3.76
"3504","United States",9.17
"3505","United States",60.7
"3506","United States",3.33
"3507","United States",0
"3508","United States",1.32
"3510","United States",0
"3513","United States",4.42
"3517","United States",3.33
"3518","United States",1
"3519","France",0.07
"3521","United States",3.33
"3527","United States",11.1
"3531","United States",12.5
"3532","United States",5.36
"3539","United States",0
"3540","United States",0
"3541","United States",0
"3542","United States",0
"3544","United States",10.6
"3547","United States",0
"3556","United States",3.33
"3565","United States",14.1
"3566","United States",14.7
"3571","United States",5
"3577","United States",9.38
"3578","United States",9.38
"3580","United States",40
"3581","United States",2.5
"3593","France",52.7
"3594","United Kingdom",0
"3598","Australia",24.3
"3614","Hong Kong",1.1
"3616","New Caledonia",0.5
"3620","United States",3.57
"3621","United States",3.57
"3622","France",6.67
"3626","United States",64.3
"3630","United States",93.3
"3631","United States",86.7
"3634","United States",4.84
"3636","United States",11.8
"3642","United States",0
"3643","United States",3.85
"3644","United States",3.57
"3647","United States",9.32
"3648","United States",9.98
"3665","United Kingdom",44.1
"3666","United Kingdom",0
"3667","United Kingdom",0
"3668","United Kingdom",0.1
"3669","United Kingdom",27
"3670","United Kingdom",34
"3671","United Kingdom",0
"3673","United Kingdom",0
"3675","United Kingdom",0
"3683","United States",0
"3684","United States",3.33
"3686","United Kingdom",1.5
"3689","France",3.7
"3691","United Kingdom",2
"3693","United Kingdom",1.7
"3706","United States",4.12
"3712","Germany",0
"3714","United States",11.7
"3717","United Kingdom",21.1
"3718","United Kingdom",15.4
"3719","Canada",4
"3721","United Kingdom",80.8
"3722","France",28.7
"3725","France",14.5
"3727","United Kingdom",80.8
"3728","France",0.111
"3729","France",1.2
"3732","United Kingdom",15
"3733","United Kingdom",33.7
"3734","United Kingdom",1.1
"3735","United Kingdom",57
"3736","United Kingdom",80.8
"3737","United Kingdom",80.8
"3738","United Kingdom",17.9
"3741","United States",34.5
"3742","United States",0
"3752","United States",9.29
"3756","United States",11.7
"3760","United Kingdom",49.2
"3765","Italy",12.3
"3766","United Kingdom",3.2
"3767","United States",0
"3768","United States",1.67
"3778","France",0
"3779","United States",0
"3786","United States",3.57
"3790","United States",5
"3797","United States",14.6
"3809","France",0
"3818","Australia",100
"3823","France",0
"3827","France",0
"3836","France",0
"3837","France",10
"3849","France",2
"3853","France",33.3
"3860","United Kingdom",2.7
"3864","France",55
"3867","United States",42.1
"3868","United States",23.5
"3869","United States",23.5
"3870","United States",23.5
"3871","United States",40.5
"3874","United States",7.14
"3876","United States",0
"3878","United States",0.816
"3879","United States",0.769
"3880","United States",3.57
"3881","United States",3.57
"3888","United States",0
"3893","United States",6.67
"3894","United States",29
"3896","France",56.8
"3897","France",62.9
"3900","United States",33.3
"3901","United Kingdom",11.7
"3902","United Kingdom",11.7
"3903","United States",8.89
"3908","United States",0
"3909","United Kingdom",6
"3912","United Kingdom",0.1
"3913","United Kingdom",0.1
"3914","United Kingdom",1.1
"3916","United States",0
"3918","United Kingdom",10.8
"3921","United Kingdom",12.7
"3922","France",2.3
"3927","European Union",0
"3929","United States",30
"3936","United Kingdom",2.4
"3937","France",4.8
"3942","Germany",35
"3955","United States",60
"3957","United Kingdom",34
"3972","France",2.3
"3976","United States",11.8
"3983","United States",65
"3984","Canada",86.7
"3986","United States",10.1
"3987","France",5.3
"3989","France",1.1
"3993","United Kingdom",27.4
"4004","United Kingdom",1.4
"4007","Australia",1
"4008","United States",10
"4010","Australia",4.2
"4012","Australia",8.3
"4014","United States",16.7
"4015","France",2.6
"4029","United Kingdom",1.2
"4034","United Kingdom",2.8
"4037","France",0.2
"4040","France",0.1
"4043","France",11.9
"4044","France",9.17
"4045","United States",4.41
"4046","United Kingdom",29.8
"4050","France",7.3
"4052","France",7.3
"4053","France",8.4
"4055","United States",29.8
"4064","United States",23.5
"4065","United States",32.5
"4066","United States",15
"4070","France",4.9
"4071","United States",26.5
"4072","United States",0.417
"4073","United States",0
"4074","United States",15
"4075","United States",0
"4080","United States",23.1
"4081","United States",26.9
"4082","United States",0
"4090","Netherlands",3.05
"4092","United Kingdom",43.6
"4101","United States",0
"4109","France",0.8
"4111","United Kingdom",79
"4112","United Kingdom",79
"4121","United States",44
"4122","France",3
"4125","United States",0.787
"4130","United States",11
"4131","United Kingdom",5.6
"4133","United States",5
"4135","United States",76.2
"4140","United States",40
"4142","United States",10.9
"4145","United States",12.1
"4147","United States",33.3
"4149","United States",2.5
"4152","United States",7.14
"4154","United States",80
"4157","United States",21.4
"4165","United States",1.59
"4166","United States",40
"4168","United States",0
"4170","United States",0
"4173","United Kingdom",3
"4174","United Kingdom",0.8
"4175","United States",10.7
"4182","United States",51.2
"4184","United Kingdom",4.1
"4185","France",7.5
"4187","United Kingdom",7.5
"4188","United States",78.6
"4190","United Kingdom",11.2
"4192","France",3.7
"4194","Australia",63.2
"4197","United States",0
"4201","United States",1.25
"4203","United States",6.98
"4204","United States",7.14
"4207","United States",0
"4208","France",2.6
"4211","United Kingdom",28.4
"4216","United Kingdom",56.8
"4218","France",10.4
"4220","United States",0
"4221","United States",44
"4223","United States",10
"4225","United States",88.3
"4226","United States",1
"4228","United States",0
"4232","United States",5.56
"4233","United States",3.57
"4234","France",35.7
"4236","United States",1
"4241","United States",6.67
"4243","United States",21.8
"4248","United Kingdom",43.1
"4249","United Kingdom",48
"4250","United Kingdom",40.3
"4251","United States",70.2
"4260","United Kingdom",0.2
"4272","United Kingdom",0.5
"4288","United Kingdom",3
"4290","United Kingdom",0.6
"4304","United Kingdom",0.8
"4307","United Kingdom",3.5
"4310","United Kingdom",3.1
"4320","United Kingdom",1.9
"4324","United Kingdom",0.8
"4334","United Kingdom",15.4
"4335","United Kingdom",0.5
"4338","United Kingdom",0.6
"4339","United Kingdom",2.4
"4361","United Kingdom",46
"4362","United Kingdom",4.5
"4368","United Kingdom",0.7
"4369","United Kingdom",19.6
"4372","United Kingdom",28
"4373","United Kingdom",5.2
"4374","United Kingdom",1.9
"4375","United Kingdom",0.1
"4378","United Kingdom",3.3
"4381","Italy",56.7
"4383","United Kingdom",0.9
"4389","United Kingdom",0.6
"4390","United Kingdom",55
"4394","United Kingdom",7.2
"4402","United Kingdom",5.1
"4405","United Kingdom",0.05
"4410","United States",15.7
"4411","United States",0
"4413","United Kingdom",3.1
"4414","United Kingdom",2.8
"4415","United Kingdom",6.8
"4417","United Kingdom",2.6
"4420","United Kingdom",4.5
"4423","Colombia",24
"4430","United States",11.4
"4431","United Kingdom",0.5
"4433","United Kingdom",0.5
"4437","United Kingdom",0
"4448","United Kingdom",8.7
"4458","United States",5.56
"4478","United Kingdom",1
"4485","United Kingdom",37.1
"4486","United Kingdom",37.1
"4499","United Kingdom",3
"4500","United Kingdom",4
"4506","United Kingdom",3.8
"4508","United States",23.5
"4509","United States",23.5
"4514","United States",23.5
"4518","United States",17.6
"4519","United Kingdom",0.8
"4523","United Kingdom",2.3
"4525","United States",23.5
"4526","United States",6.25
"4529","United States",29.4
"4530","United States",23.5
"4531","United States",23.5
"4534","United States",23.5
"4535","United States",29.4
"4543","United Kingdom",0.5
"4545","United Kingdom",8.1
"4546","United Kingdom",8.2
"4549","United Kingdom",0.847
"4556","France",0.7
"4561","United Kingdom",0.5
"4562","United Kingdom",37.4
"4563","United Kingdom",30.1
"4565","United Kingdom",13.1
"4572","United Kingdom",1.5
"4575","United Kingdom",1.5
"4577","United States",2.5
"4580","United Kingdom",1.5
"4581","United Kingdom",1.5
"4582","United Kingdom",1.5
"4588","United Kingdom",4.6
"4592","United Kingdom",14.8
"4618","United Kingdom",4.9
"4622","United Kingdom",3.1
"4624","United Kingdom",57.2
"4625","United Kingdom",2
"4626","United Kingdom",3
"4632","United Kingdom",0.5
"4637","United Kingdom",2.9
"4638","United Kingdom",0.5
"4640","France",4.3
"4642","United Kingdom",11.8
"4649","United Kingdom",0.5
"4651","United Kingdom",40
"4652","United Kingdom",0.1
"4654","United Kingdom",0.2
"4668","United Kingdom",0.6
"4670","United Kingdom",2.2
"4674","United Kingdom",4.3
"4676","United Kingdom",6.6
"4678","United Kingdom",39.4
"4701","United Kingdom",83.6
"4708","United Kingdom",19
"4709","United Kingdom",0
"4712","United Kingdom",54.5
"4713","United Kingdom",12
"4714","United Kingdom",8.5
"4717","United Kingdom",1.8
"4719","United Kingdom",0.6
"4728","United Kingdom",14
"4729","United Kingdom",61
"4730","United Kingdom",23.2
"4732","United Kingdom",0.3
"4736","United States",0
"4745","France",5.9
"4747","United Kingdom",34.7
"4748","United Kingdom",29.2
"4750","United Kingdom",50
"4751","United Kingdom",0.5
"4753","United Kingdom",0.5
"4755","United Kingdom",0.5
"4758","United Kingdom",11
"4760","United Kingdom",11.2
"4774","United Kingdom",0.5
"4776","United States",0
"4777","United Kingdom",25.3
"4779","United Kingdom",0.9
"4780","United Kingdom",43
"4795","United Kingdom",3.1
"4804","United States",76.2
"4805","United Kingdom",4.4
"4809","United Kingdom",92.3
"4825","United Kingdom",0.7
"4832","United Kingdom",9.1
"4833","United Kingdom",4.6
"4835","United Kingdom",6
"4842","France",0
"4845","United Kingdom",8.5
"4848","United Kingdom",0.5
"4849","United Kingdom",0
"4853","United Kingdom",5.1
"4854","United Kingdom",0.5
"4857","United Kingdom",0.5
"4862","United States",15.4
"4863","United Kingdom",21.9
"4867","United States",50.4
"4871","Quebec",83.3
"4875","United Kingdom",0.5
"4881","United Kingdom",39.2
"4885","United Kingdom",46.1
"4886","United Kingdom",60.2
"4887","United Kingdom",0.2
"4890","United Kingdom",78.4
"4891","United Kingdom",91.6
"4896","United Kingdom",0.2
"4899","United Kingdom",72.1
"4901","United Kingdom",2.1
"4904","United Kingdom",0.5
"4922","Sweden",89
"4923","Germany",66
"4924","Denmark",66
"4925","Denmark",71
"4926","Germany",1.8
"4972","France",0
"4979","Germany",15.3
"14931","Czech Republic",12.7
"1494","Canada",0
"1495","Canada",32.3
"1496","Canada",60.6
"1497","Canada",7.6
"14981","Canada",18.2
"1499","Canada",83.3
"1500","Australia",6.2
"1501","New Zealand",6.2
"1502","Singapore",6.2
"15031","Australia",10
"15041","Indonesia",10
"1505","Belgium",0.7
"1506","France",0.7
"1507","Netherlands",0.7
"1508","Belgium",35.3
"1509","Netherlands",35.3
"1510","France",35.3
"1511","Belgium",2
"1512","France",2
"1513","Belgium",15.4
"1514","France",15.4
"1515","Belgium",3.2
"1516","France",3.2
"1517","Belgium",1.4
"15181","France",1.4
"1519","Belgium",4.1
"1520","France",4.1
"1521","Belgium",39.8
"1522","Denmark",89
"1523","Norway",89
"1524","France",1.4
"1525","France",0
"1526","France",52.5
"1527","France",0.1
"1528","France",56.7
"1529","France",96
"1530","France",2.9
"15311","France",23.6
"1532","France",2.3
"1533","France",4.5
"1534","France",1.6
"15351","France",0.9
"1536","France",49.2
"1537","France",11.1
"1538","France",29
"15391","France",1.3
"15401","France",8
"1541","France",14.6
"15421","France",3.62
"15431","France",4.9
"15441","France",3
"1545","France",60.8
"15461","France",46.1
"15471","France",5.9
"1548","France",10.4
"15491","France",2.1
"15501","France",3.3
"1551","France",15.2
"15521","France",27
"1553","France",1.5
"1554","France",2
"1555","France",1.7
"1556","France",1.1
"1557","France",80.8
"1558","France",80.8
"1559","France",11.7
"1560","France",11.7
"1561","France",1.2
"1562","France",43.1
"1563","France",40.3
"1564","France",1
"1565","France",0
"1566","France",5.6
"1567","Netherlands",5.6
"1568","Spain",13.1
"15691","Spain",14
"15701","United Kingdom",14
"1571","United Kingdom",1.3
"1572","United Kingdom",2.5
